{
	"class_name" : "ViewTrajectory",
	"interval" : 29,
	"is_loop" : false,
	"trajectory" : 
	[
		{
			"boundingbox_max" : [ 12.196719169616699, 11.096450805664062, 14.179859161376953 ],
			"boundingbox_min" : [ -27.214767456054688, -26.837047576904297, -2.6747426986694336 ],
			"field_of_view" : 60.0,
			"front" : [ 0.99453850322241688, 0.019293295752545729, -0.10257160594979327 ],
			"lookat" : [ 1.3594082097795859, 0.030291547024564873, -0.33772102622451639 ],
			"up" : [ 0.10166984438450075, 0.043023067773639886, 0.99388744754231417 ],
			"zoom" : 0.030500000000001182
		}
	],
	"version_major" : 1,
	"version_minor" : 0
}