{
	"class_name" : "PinholeCameraParameters",
	"extrinsic" : 
	[
		-0.023588309624605681,
		-0.10166984438450075,
		-0.99453850322241688,
		0.0,
		0.99888777366546522,
		-0.043023067773639886,
		-0.019293295752545729,
		0.0,
		-0.040826551050806938,
		-0.99388744754231417,
		0.10257160594979327,
		0.0,
		-0.011979698927824713,
		-0.19614263231174611,
		3.4692210837642099,
		1.0
	],
	"intrinsic" : 
	{
		"height" : 1055,
		"intrinsic_matrix" : 
		[
			913.65680099258282,
			0.0,
			0.0,
			0.0,
			913.65680099258282,
			0.0,
			959.5,
			527.0,
			1.0
		],
		"width" : 1920
	},
	"version_major" : 1,
	"version_minor" : 0
}